ID,ID,Latitude,Longitude
18784,18784,-23.9301867698,-130.757197147
18783,18783,-23.9352079889,-130.756358929
18782,18782,-23.9383207724,-130.727373879
18781,18781,-23.9389032426,-130.755592684
18780,18780,-23.9408030211,-130.749856467
18779,18779,-23.9423648019,-130.74413021
18778,18778,-24.3629595536,-128.31749904
18777,18777,-24.6654909639,-124.790075302
18776,18776,-24.6772420085,-124.791941026
18775,18775,-24.6762712787,-124.787943489
18774,18774,-24.6755181945,-124.799365355
18773,18773,-25.0680164852,-130.08903737
18772,18772,5.8803781671,-162.075745432
18771,18771,5.8776959419,-162.046168055
18770,18770,5.8787966035,-162.105935306
18769,18769,5.8735720129,-162.108738734
18768,18768,-19.052013841,-169.862192027
18767,18767,-29.2346142431,-177.868354021
18766,18766,-29.2337831894,-177.862524291
18765,18765,-29.2684172038,-177.923454078
18764,18764,-29.247399675,-177.871068908
18763,18763,-29.2454225497,-177.866682586
18762,18762,-29.2470707454,-177.850768023
18761,18761,-29.2520824537,-177.888366886
18760,18760,-29.2551771737,-177.847347543
18759,18759,-29.2539059404,-177.851707813
18758,18758,-29.2843647976,-177.897504869
18757,18757,-30.2324959568,-178.432124581
18756,18756,-30.5420213526,-178.578288052
18755,18755,-30.5552299186,-178.561182937
18754,18754,-43.5685450299,-176.817453474
18753,18753,-43.5682638633,-176.809960258
18752,18752,-43.5679358719,-176.802117332
18751,18751,-43.8902259452,-176.539221259
18750,18750,-43.7387806419,-176.197238615
18749,18749,-43.8790886473,-176.928393142
18748,18748,-43.9633928946,-175.837265855
18747,18747,-43.9645795862,-175.818730364
18746,18746,-43.9664162337,-175.827810749
18745,18745,-44.0205910811,-176.377981838
18744,18744,-44.0316800672,-176.321670672
18743,18743,-44.2161206895,-176.08447084
18742,18742,-44.2258242337,-176.011801468
18741,18741,-44.283633897,-176.221408828
18740,18740,-44.2287570745,-175.997949671
18739,18739,-44.2516906132,-176.175853111
18738,18738,-44.2696274336,-176.29793923
18737,18737,-44.2723921801,-176.123659023
18736,18736,-44.277985668,-176.317096434
18735,18735,-44.2866903616,-176.395025898
18734,18734,-44.287589842,-176.34102886
18733,18733,-44.3372679304,-175.86465621
18732,18732,-44.3488383528,-176.176239037
18731,18731,-44.3571896201,-176.279705733
18730,18730,-44.3579488733,-176.288771273
18729,18729,-44.3698130259,-176.271695965
18728,18728,-44.3705241232,-176.329378709
18727,18727,-44.377989908,-176.294987856
18726,18726,-44.381029343,-176.251463288
18725,18725,-44.4376485113,-176.246001449
18724,18724,6.4032317655,-162.350193425
18723,18723,6.3847557888,-162.381692922
18722,18722,4.7129074036,-160.402875063
18721,18721,3.9076739009,-159.384431941
18720,18720,3.8931270101,-159.30256433
18719,18719,3.9210022699,-159.345083346
18718,18718,3.8632297905,-159.254463518
18717,18717,3.8598638425,-159.247057764
18716,18716,3.8270662598,-159.321569873
18715,18715,1.8543147852,-157.353684136
18714,18714,2.0198793816,-157.455275864
18713,18713,2.0123662221,-157.446428241
18712,18712,2.0031234652,-157.449787601
18711,18711,1.9962349908,-157.422338096
18710,18710,1.9877986648,-157.414688976
18709,18709,1.9837161984,-157.408542499
18708,18708,1.9800403525,-157.400244071
18707,18707,1.9757073722,-157.431203936
18706,18706,1.9623422061,-157.482308479
18705,18705,1.947217333,-157.488310044
18704,18704,1.9445664199,-157.40032361
18703,18703,1.9403412,-157.404001634
18702,18702,1.9409108213,-157.396049571
18701,18701,1.9229285453,-157.399371868
18700,18700,1.9201852407,-157.394467404
18699,18699,1.9168330656,-157.397866119
18698,18698,1.9105037366,-157.426388321
18697,18697,1.9075841739,-157.406189671
18696,18696,1.9011938512,-157.401917122
18695,18695,1.9020539163,-157.412336292
18694,18694,1.8981038273,-157.416439933
18693,18693,1.8928382102,-157.410781787
18692,18692,1.89013122,-157.522810809
18691,18691,1.8891519121,-157.406811606
18690,18690,1.8880333742,-157.410441935
18689,18689,1.8850602942,-157.459574293
18688,18688,1.880788991,-157.480615514
18687,18687,1.8753290097,-157.466002381
18686,18686,1.8748916666,-157.457513317
18685,18685,1.8670380777,-157.440926399
18684,18684,1.8621356357,-157.458161243
18683,18683,1.8595008697,-157.432002189
18682,18682,1.8507791594,-157.414695893
18681,18681,-2.8184129577,-171.677302458
18680,18680,-3.128786251,-171.088700871
18679,18679,-3.5833634342,-171.516718576
18678,18678,-3.5972399383,-174.125159554
18677,18677,-3.7211224574,-170.714680566
18676,18676,-4.0170322721,-154.935303174
18675,18675,-4.4550247462,-171.247782173
18674,18674,-4.4870606865,-172.155023209
18673,18673,-4.4891499134,-172.177519122
18672,18672,-4.4929461815,-172.181291981
18671,18671,-4.5173164164,-172.201005006
18670,18670,-4.4966855105,-172.161277771
18669,18669,-4.4975184917,-172.177942085
18668,18668,-4.5088330034,-172.139920223
18667,18667,-4.5016791834,-172.187126159
18666,18666,-4.5025186656,-172.177950635
18665,18665,-4.5050124435,-172.190451748
18664,18664,-4.5066729461,-172.185445533
18663,18663,-4.5075152307,-172.193772159
18662,18662,-4.5075123809,-172.1979599
18661,18661,-4.5166788786,-172.209627711
18660,18660,-4.5175154411,-172.177129236
18659,18659,-4.5183470607,-172.192135141
18658,18658,-4.6761676984,-174.518993337
18657,18657,-4.6662562768,-174.53754182
18656,18656,-4.667934977,-174.535864899
18655,18655,-4.6784505429,-174.535627802
18654,18654,-4.6712506605,-174.536677267
18653,18653,-4.6733366695,-174.525445672
18652,18652,-4.6745926542,-174.535013835
18651,18651,-4.6754228873,-174.531704464
18650,18650,-4.6766835804,-174.525447544
18649,18649,-4.6779351766,-174.532535129
18648,18648,-4.6779381355,-174.5300189
18647,18647,-5.6198238365,-155.881011287
18646,18646,-9.9188580567,-150.211324603
18645,18645,-9.9276296148,-150.211596799
18644,18644,-9.9448724544,-150.206266224
18643,18643,-9.9314155291,-150.211105985
18642,18642,-9.9336235582,-150.2102696
18641,18641,-9.9366568989,-150.21002984
18640,18640,-9.9410272296,-150.210980386
18639,18639,-9.9594167284,-150.219162727
18638,18638,-9.9653739635,-150.220647395
18637,18637,-9.9703349336,-150.208424353
18636,18636,-9.9694840884,-150.221913542
18635,18635,-9.9734178952,-150.222381295
18634,18634,-9.9751261384,-150.211004614
18633,18633,-9.9773707281,-150.223211188
18632,18632,-9.9799097494,-150.225589944
18631,18631,-9.9805116078,-150.215907056
18630,18630,-9.9841791193,-150.217124984
18629,18629,-9.9879932765,-150.220513812
18628,18628,-9.9904327918,-150.235867552
18627,18627,-9.9935454031,-150.224205501
18626,18626,-9.99250101,-150.236671147
18625,18625,-9.9955396843,-150.23784154
18624,18624,-9.997704007,-150.227351812
18623,18623,-10.0065938255,-150.235683181
18622,18622,-10.0975572301,-152.383846531
18621,18621,-11.4278324947,-151.799861909
18620,18620,16.762085588,-169.518322202
18619,18619,16.7558979031,-169.489147469
18618,18618,16.7446463035,-169.513429016
18617,18617,16.7291839485,-169.535011761
18616,18616,-0.3812131618,-160.01961288
18614,18614,-7.8604304157,-140.379630845
18613,18613,-7.8684840208,-140.377984197
18612,18612,-7.874045732,-140.374068204
18611,18611,-7.9195635523,-140.572619761
18610,18610,-7.9345050062,-140.601542968
18609,18609,-7.9371075041,-140.591682809
18608,18608,-7.9374380451,-140.596397721
18607,18607,-8.0008265348,-140.690179305
18606,18606,-7.9703141121,-140.634461044
18605,18605,-8.6803422188,-140.611671426
18604,18604,-8.6808455017,-140.600857216
18603,18603,-8.6821081051,-140.59713591
18602,18602,-8.8680813828,-140.140485089
18601,18601,-8.7870925872,-140.10419567
18600,18600,-8.7925280924,-140.030450713
18599,18599,-8.7975119486,-140.050448947
18598,18598,-8.8283470901,-140.036260837
18597,18597,-8.8650186187,-139.592116904
18596,18596,-8.866103392,-139.554768926
18595,18595,-8.8670896087,-139.591301294
18594,18594,-8.8679385379,-139.587565327
18593,18593,-8.9109596698,-139.553074346
18592,18592,-8.8708515617,-139.586285834
18591,18591,-8.8852696088,-139.593930748
18590,18590,-8.9350128744,-140.018359882
18589,18589,-8.9375138359,-140.110187577
18588,18588,-8.938359294,-139.530028979
18587,18587,-8.940758115,-140.092776956
18586,18586,-8.9412029647,-140.10855278
18585,18585,-8.9571735457,-139.591063578
18584,18584,-8.9579432817,-139.596298171
18583,18583,-8.9583579953,-139.599632936
18582,18582,-9.3344024883,-140.08104639
18581,18581,-9.4002961105,-140.07442074
18580,18580,-9.362861707,-140.011113365
18579,18579,-9.3629786935,-140.01609866
18578,18578,-9.3655879721,-140.016117708
18577,18577,-9.4328036392,-138.92232735
18576,18576,-9.4345305766,-140.128539629
18575,18575,-9.4530203305,-140.031872842
18574,18574,-9.4577852005,-140.0350336
18573,18573,-9.4688671048,-140.071386626
18572,18572,-9.4737740506,-140.052549826
18571,18571,-9.4826758566,-140.045599988
18570,18570,-9.6950154496,-138.98626098
18569,18569,-9.7743272161,-139.017565578
18568,18568,-9.7092007932,-139.022633274
18567,18567,-9.7375161457,-138.810029963
18566,18566,-9.7483642932,-138.800864722
18565,18565,-9.7590188669,-138.877930874
18564,18564,-9.8530799009,-139.087402175
18563,18563,-9.9455693315,-139.09172299
18562,18562,-9.8889355728,-139.08099844
18561,18561,-9.901624537,-139.05389148
18560,18560,-9.9843514245,-138.828654309
18559,18559,-9.9524599251,-139.059737582
18558,18558,-9.9986030256,-139.104729318
18557,18557,-10.0184605536,-138.804807693
18556,18556,-10.3625101924,-138.415839213
18555,18555,-10.4875262778,-138.651481627
18554,18554,-14.096488249,-141.436096845
18553,18553,-14.1537575244,-141.24603058
18552,18552,-14.1752561506,-141.201003937
18551,18551,-14.1651436873,-141.27144216
18550,18550,-14.1778266657,-141.266029435
18549,18549,-14.1866936327,-141.21635671
18548,18548,-14.184884538,-141.249216425
18547,18547,-14.3403955596,-145.87969919
18546,18546,-14.3690484065,-145.948533501
18545,18545,-14.3717850358,-145.957154938
18544,18544,-14.3775731855,-145.966129396
18543,18543,-14.3989839343,-145.867467632
18542,18542,-14.3916802992,-145.997757198
18541,18541,-14.4035776002,-144.891886661
18540,18540,-14.4126117055,-146.048210322
18539,18539,-14.4149995407,-144.957962621
18538,18538,-14.4168051236,-144.964680735
18537,18537,-14.4238676891,-144.974582295
18536,18536,-14.4253824193,-145.903459593
18535,18535,-14.4357592864,-146.241799967
18534,18534,-14.4326441229,-144.903623368
18533,18533,-14.4426298013,-145.940141643
18532,18532,-14.4342379151,-146.301702362
18531,18531,-14.4433039804,-146.075603362
18530,18530,-14.4393213891,-144.991691766
18529,18529,-14.4372668711,-146.334021119
18528,18528,-14.4393346064,-146.342712362
18527,18527,-14.4452815116,-146.352796019
18526,18526,-14.4518590701,-144.92961487
18525,18525,-14.4585013846,-145.02104223
18524,18524,-14.4541143547,-146.360555823
18523,18523,-14.4589744388,-146.061472009
18522,18522,-14.4579532814,-145.988421
18521,18521,-14.4640324442,-146.366160849
18520,18520,-14.463428584,-146.038528063
18519,18519,-14.4673415122,-144.940970621
18518,18518,-14.4734369823,-144.945605575
18517,18517,-14.4788081357,-146.237133579
18516,18516,-14.4786955878,-146.371017423
18515,18515,-14.4843912386,-145.041864792
18514,18514,-14.4776721997,-144.952440307
18513,18513,-14.4820196522,-144.958940153
18512,18512,-14.4882002141,-144.973411846
18511,18511,-14.4950313807,-146.251746824
18510,18510,-14.4954377424,-146.374431984
18509,18509,-14.5012955871,-144.999984101
18508,18508,-14.5096091061,-145.063516281
18507,18507,-14.5087269118,-146.270142075
18506,18506,-14.5091153898,-145.024236954
18505,18505,-14.5087739265,-145.040139435
18504,18504,-14.5154187379,-146.383433958
18503,18503,-14.5112153084,-145.048554145
18502,18502,-14.5131761199,-146.288159566
18501,18501,-14.5160802139,-146.304929468
18500,18500,-14.5235380238,-146.325287876
18499,18499,-14.5326346088,-146.351787896
18498,18498,-14.5303641064,-146.390550377
18497,18497,-14.547553695,-146.400207996
18496,18496,-14.544711639,-146.368413775
18495,18495,-14.5761416161,-145.161342054
18494,18494,-14.562021782,-146.394878517
18493,18493,-14.5851689592,-145.202495664
18492,18492,-14.5992446738,-145.214432128
18491,18491,-14.6700127028,-145.236011385
18490,18490,-14.6363045694,-145.177660831
18489,18489,-14.6464416111,-145.184971797
18488,18488,-14.8066539021,-138.819321696
18487,18487,-14.806691033,-138.828607892
18486,18486,-14.8084668273,-138.832636334
18485,18485,-14.8108611644,-138.837112424
18484,18484,-14.8268593662,-138.799377026
18483,18483,-14.8167972704,-138.838842083
18482,18482,-14.8232832641,-138.814113248
18481,18481,-14.8218900777,-138.828464044
18480,18480,-14.8222594984,-138.832785401
18479,18479,-14.822189579,-138.83687263
18478,18478,-14.8241952744,-138.824624277
18477,18477,-14.8379278136,-138.810866985
18476,18476,-14.8388525795,-138.806529044
18475,18475,-14.8723924443,-148.65743094
18474,18474,-14.8830682393,-148.710663105
18473,18473,-14.8958813819,-148.654428673
18472,18472,-14.9000006072,-148.672054091
18471,18471,-14.8973653492,-148.689035462
18470,18470,-14.9011251768,-148.658497306
18469,18469,-14.9026522447,-148.1358444
18468,18468,-14.903572072,-148.145193055
18467,18467,-14.9059754301,-148.164285023
18466,18466,-14.9274592781,-148.080349478
18465,18465,-14.9102718906,-148.176413936
18464,18464,-14.9155435639,-148.184157555
18463,18463,-14.91914574,-147.846164548
18462,18462,-14.9190667967,-147.817539236
18461,18461,-14.9234193895,-147.842405527
18460,18460,-14.9283526026,-147.7947447
18459,18459,-14.9335328079,-147.854215444
18458,18458,-14.9344944039,-147.739334837
18457,18457,-14.9418809142,-147.700525792
18456,18456,-14.9449217351,-148.231772179
18455,18455,-14.9535254671,-147.670646049
18454,18454,-14.9599988076,-147.863899943
18453,18453,-14.9564022703,-148.248326779
18452,18452,-14.9651872435,-144.545607533
18451,18451,-14.9647612008,-147.641344586
18450,18450,-14.9649723751,-148.257954045
18449,18449,-14.9794869778,-148.04062707
18448,18448,-14.9720779509,-148.263689369
18447,18447,-14.9810204832,-147.621995405
18446,18446,-14.9806615339,-148.268966817
18445,18445,-14.9866174399,-147.880602011
18444,18444,-14.9903112619,-147.608752126
18443,18443,-14.9911084711,-148.273665496
18442,18442,-14.9989116376,-148.043875726
18441,18441,-14.9983434914,-148.27520817
18440,18440,-15.0010964539,-147.893929319
18439,18439,-15.0029469932,-148.28128779
18438,18438,-15.0049846967,-147.595063074
18437,18437,-15.0141724959,-148.050813192
18436,18436,-15.0107065773,-148.283441523
18435,18435,-15.0199587146,-147.581227508
18434,18434,-15.0151646438,-147.764235178
18433,18433,-15.0159759876,-147.914297509
18432,18432,-15.0179435253,-148.286706174
18431,18431,-15.0262351303,-148.286832288
18430,18430,-15.0308493197,-147.569220885
18429,18429,-15.0324521311,-148.286985576
18428,18428,-15.0366793143,-147.566677137
18427,18427,-15.037407461,-148.287638624
18426,18426,-15.0393415899,-147.930908953
18425,18425,-15.0423246817,-148.286997512
18424,18424,-15.0450929432,-147.561132596
18423,18423,-15.0479240281,-148.287124548
18422,18422,-15.0488398357,-147.933788108
18421,18421,-15.0497105056,-147.5549509
18420,18420,-15.0510924046,-148.285042956
18419,18419,-15.0518374363,-147.550840773
18418,18418,-15.0528637816,-148.080253841
18417,18417,-15.0573723784,-147.547546099
18416,18416,-15.0582885798,-148.085535468
18415,18415,-15.0600068619,-147.940038775
18414,18414,-15.0644590109,-148.099309044
18413,18413,-15.1051179761,-147.483462287
18412,18412,-15.07668722,-147.941639615
18411,18411,-15.069169152,-148.109209708
18410,18410,-15.0704414954,-148.117549195
18409,18409,-15.0712726552,-148.112949199
18408,18408,-15.0783703854,-148.128769163
18407,18407,-15.0787615982,-148.124617159
18406,18406,-15.0787773976,-148.134602882
18405,18405,-15.0836669771,-148.141311898
18404,18404,-15.0817998767,-148.149425324
18403,18403,-15.0894538958,-148.162480925
18402,18402,-15.0895026795,-148.152872076
18401,18401,-15.0937653695,-147.931443902
18400,18400,-15.0945860256,-148.159205245
18399,18399,-15.1008213245,-148.165428981
18398,18398,-15.1014647605,-148.172813775
18397,18397,-15.1062517029,-148.184413452
18396,18396,-15.1135980193,-148.198616004
18395,18395,-15.1240105361,-148.235243348
18394,18394,-15.1183528445,-148.213526536
18393,18393,-15.1210300063,-148.219735129
18392,18392,-15.1199962663,-148.205040872
18391,18391,-15.1199112405,-148.210141653
18390,18390,-15.1232063872,-147.931828054
18389,18389,-15.1358487211,-147.815431183
18388,18388,-15.1400242924,-147.917544015
18387,18387,-15.1462776495,-147.522967446
18386,18386,-15.1484134013,-147.431362102
18385,18385,-15.163786154,-147.413223638
18384,18384,-15.1686327292,-147.406875177
18383,18383,-15.1791953636,-147.390868977
18382,18382,-15.185708021,-147.857886049
18381,18381,-15.1854414521,-147.865030265
18380,18380,-15.1892669348,-147.846180705
18379,18379,-15.2040436974,-147.364422421
18378,18378,-15.1977504714,-146.806621744
18377,18377,-15.1992044026,-147.822094204
18376,18376,-15.2007788803,-146.78317306
18375,18375,-15.1995268436,-146.791520379
18374,18374,-15.2045948811,-146.815435453
18373,18373,-15.2036913683,-146.777351179
18372,18372,-15.2071344234,-147.796658769
18371,18371,-15.2055283732,-146.772739572
18370,18370,-15.2083494485,-146.76421045
18369,18369,-15.2133624573,-146.816691878
18368,18368,-15.2274846937,-147.762162905
18367,18367,-15.2158724792,-146.737103193
18366,18366,-15.2158454954,-146.743776151
18365,18365,-15.2183494676,-146.719218667
18364,18364,-15.2191999436,-146.71378479
18363,18363,-15.2208468889,-147.343512059
18362,18362,-15.2219631565,-146.818784793
18361,18361,-15.2255278746,-146.694385439
18360,18360,-15.2262757197,-146.817539636
18359,18359,-15.233164173,-147.251710033
18358,18358,-15.2339310657,-147.326631506
18357,18357,-15.2293169364,-146.822799767
18356,18356,-15.2296684375,-146.682771743
18355,18355,-15.2313132789,-146.666115196
18354,18354,-15.2315215655,-146.653000135
18353,18353,-15.2339736632,-146.825531184
18352,18352,-15.2509315193,-146.616862931
18351,18351,-15.2350110583,-147.597488301
18350,18350,-15.2345882702,-147.637527466
18349,18349,-15.2351358883,-147.611283814
18348,18348,-15.235742997,-146.829463507
18347,18347,-15.2374402372,-146.824718611
18346,18346,-15.2371110915,-147.269592285
18345,18345,-15.2375240597,-147.27501634
18344,18344,-15.2371033773,-147.280016979
18343,18343,-15.2379114907,-147.302480836
18342,18342,-15.2379445719,-147.586698881
18341,18341,-15.2414200938,-146.831129416
18340,18340,-15.2395982893,-147.662545449
18339,18339,-15.2433782017,-147.690014246
18338,18338,-15.2442589073,-147.709711802
18337,18337,-15.2458450365,-147.703349543
18336,18336,-15.2504211728,-146.845458502
18335,18335,-15.2508513766,-147.569179045
18334,18334,-15.2544732129,-147.238918189
18333,18333,-15.2532474989,-146.849094125
18332,18332,-15.2569500603,-146.856605582
18331,18331,-15.2608527628,-147.560036734
18330,18330,-15.2645829118,-146.866959829
18329,18329,-15.2641889979,-147.232118214
18328,18328,-15.2704033256,-146.876408367
18327,18327,-15.2763757698,-147.226958596
18326,18326,-15.2755321781,-146.88093985
18325,18325,-15.2765829129,-147.532541702
18324,18324,-15.2791601468,-147.248783467
18323,18323,-15.2783499162,-146.883791492
18322,18322,-15.284283913,-146.889798937
18321,18321,-15.2824252185,-147.2342411
18320,18320,-15.2864929117,-147.273069908
18319,18319,-15.2920702307,-147.521686806
18318,18318,-15.295848006,-146.892959978
18317,18317,-15.2954199518,-147.292523544
18316,18316,-15.297123184,-147.295852557
18315,18315,-15.2991886033,-147.299170052
18314,18314,-15.2996050791,-146.604211041
18313,18313,-15.3126780571,-146.347931359
18312,18312,-15.302516759,-147.301250375
18311,18311,-15.303970513,-146.392806568
18310,18310,-15.305438864,-147.305874716
18309,18309,-15.3062490962,-146.400465434
18308,18308,-15.3082472666,-147.476768902
18307,18307,-15.3087622881,-147.402937
18306,18306,-15.3125846496,-146.406439424
18305,18305,-15.3114561497,-147.435184928
18304,18304,-15.3108150968,-147.459695997
18303,18303,-15.3116851094,-147.381671448
18302,18302,-15.3148606014,-146.291673576
18301,18301,-15.3129435266,-146.310461262
18300,18300,-15.314118079,-146.755067679
18299,18299,-15.3156030849,-147.312762352
18298,18298,-15.3146000659,-147.377521928
18297,18297,-15.3178335183,-147.319932587
18296,18296,-15.3176610953,-147.334351992
18295,18295,-15.3259522059,-146.421926461
18294,18294,-15.3249353625,-146.261092074
18293,18293,-15.3274152077,-146.244801042
18292,18292,-15.3542782121,-146.201732197
18291,18291,-15.3283513598,-146.605447788
18290,18290,-15.3329060094,-146.606939468
18289,18289,-15.336258221,-146.431276064
18288,18288,-15.339255256,-146.608830299
18287,18287,-15.3475285695,-146.437391342
18286,18286,-15.3517311457,-146.621484004
18285,18285,-15.3597598394,-146.621973713
18284,18284,-15.3644745825,-146.626680981
18283,18283,-15.370177075,-146.437105544
18282,18282,-15.374208094,-146.436684798
18281,18281,-15.389205611,-146.658376611
18280,18280,-15.39251285,-146.678778045
18279,18279,-15.4252137798,-146.213517683
18278,18278,-15.4121062344,-146.719194182
18277,18277,-15.4134721548,-146.713813909
18276,18276,-15.4143442004,-146.724626208
18275,18275,-15.4139365154,-146.729195126
18274,18274,-15.4177791694,-146.751771796
18273,18273,-15.4237536806,-146.445476848
18272,18272,-15.4554743144,-146.222493571
18271,18271,-15.4783197039,-145.491886475
18270,18270,-15.4601957403,-146.448859727
18269,18269,-15.4592076736,-145.561682125
18268,18268,-15.4633704601,-145.567780826
18267,18267,-15.4645906145,-146.225456325
18266,18266,-15.469007294,-145.572193016
18265,18265,-15.4717074084,-146.226275398
18264,18264,-15.4813855239,-146.225554573
18263,18263,-15.48294623,-145.576278628
18262,18262,-15.4880042526,-145.579117543
18261,18261,-15.492111206,-145.582527161
18260,18260,-15.4929443255,-146.436285
18259,18259,-15.4973451541,-145.585218531
18258,18258,-15.5218247925,-146.22818065
18257,18257,-15.5041818967,-146.432942746
18256,18256,-15.5055406585,-145.58679429
18255,18255,-15.5087852108,-145.452051547
18254,18254,-15.5088382073,-145.519278539
18253,18253,-15.5116385627,-145.587368947
18252,18252,-15.5131951012,-146.429700134
18251,18251,-15.5167907397,-145.469110086
18250,18250,-15.5184422422,-145.473669335
18249,18249,-15.5195024233,-146.428519929
18248,18248,-15.5233499939,-146.428968896
18247,18247,-15.5244577092,-145.480596675
18246,18246,-15.5285191776,-145.586388666
18245,18245,-15.5261226988,-145.484783579
18244,18244,-15.5275059084,-146.428785327
18243,18243,-15.5314304012,-145.486981664
18242,18242,-15.5377733814,-145.496590748
18241,18241,-15.5360136788,-146.423697106
18240,18240,-15.5425122321,-146.423771485
18239,18239,-15.5481174449,-146.423388308
18238,18238,-15.5562622051,-145.496865022
18237,18237,-15.5561933025,-146.422909538
18236,18236,-15.5568611515,-146.241702911
18235,18235,-15.5637723382,-146.249857412
18234,18234,-15.5665749723,-146.414013477
18233,18233,-15.566702308,-145.495652479
18232,18232,-15.5671015377,-145.57877125
18231,18231,-15.5691888948,-146.418783599
18230,18230,-15.5724196687,-146.41643231
18229,18229,-15.5810217637,-145.497810915
18228,18228,-15.5825137094,-146.405450375
18227,18227,-15.606523827,-145.493881613
18226,18226,-15.59666464,-146.387542059
18225,18225,-15.6110788022,-146.342422208
18224,18224,-15.626441487,-145.509680544
18223,18223,-15.6404557825,-146.839593765
18222,18222,-15.6394029703,-146.8256582
18221,18221,-15.6391934947,-146.806394829
18220,18220,-15.640069731,-146.796401652
18219,18219,-15.648945202,-146.782519227
18218,18218,-15.6664290036,-146.880842191
18217,18217,-15.6537755496,-146.865443212
18216,18216,-15.6582070321,-146.771807198
18215,18215,-15.6591985763,-146.755457017
18214,18214,-15.6694433014,-146.732924383
18213,18213,-15.6708211649,-146.726650259
18212,18212,-15.6799896002,-146.710051433
18211,18211,-15.6801102842,-146.872720175
18210,18210,-15.6829338581,-146.867915127
18209,18209,-15.6829453892,-146.881263883
18208,18208,-15.6833733637,-146.703773499
18207,18207,-15.6884018734,-146.697170772
18206,18206,-15.691566532,-146.868702861
18205,18205,-15.6917549854,-146.689500208
18204,18204,-15.7015035362,-146.879531351
18203,18203,-15.703344219,-146.875449256
18202,18202,-15.7085929694,-146.867759264
18201,18201,-15.7100148945,-146.659193921
18200,18200,-15.7115984931,-146.637904647
18199,18199,-15.7137778969,-146.621732348
18198,18198,-15.7418101378,-144.63660217
18197,18197,-15.7397515236,-142.131112476
18196,18196,-15.7463195704,-142.127261586
18195,18195,-15.7421123675,-142.13627901
18194,18194,-15.7437515429,-142.143776793
18193,18193,-15.7462704951,-142.149641883
18192,18192,-15.7479341103,-142.154609908
18191,18191,-15.7490673958,-146.556001392
18190,18190,-15.7515341682,-142.160882591
18189,18189,-15.7531052249,-146.55185829
18188,18188,-15.7562815581,-146.815064643
18187,18187,-15.7568269225,-142.134654092
18186,18186,-15.7603030328,-142.169600404
18185,18185,-15.7616859824,-146.541295205
18184,18184,-15.7616803662,-146.818782106
18183,18183,-15.7623414666,-142.140366307
18182,18182,-15.7641694811,-146.536257614
18181,18181,-15.7646053428,-146.800877451
18180,18180,-15.7683511538,-142.172971945
18179,18179,-15.7690769262,-142.145113201
18178,18178,-15.770444393,-146.530845642
18177,18177,-15.7700171882,-142.150452476
18176,18176,-15.7746175539,-142.177105323
18175,18175,-15.7745989392,-142.152105886
18174,18174,-15.8378255862,-145.093494841
18173,18173,-15.7764859782,-142.158283835
18172,18172,-15.7766819873,-142.161277771
18171,18171,-15.7795237803,-142.181869803
18170,18170,-15.7816962465,-145.167521775
18169,18169,-15.7807416781,-146.520964187
18168,18168,-15.7812833129,-142.161729722
18167,18167,-15.7816683359,-142.187521404
18166,18166,-15.7841784957,-142.164608478
18165,18165,-15.785342903,-145.180116022
18164,18164,-15.7853343164,-146.517721408
18163,18163,-15.7861637172,-142.193915846
18162,18162,-15.7865731006,-146.513487612
18161,18161,-15.7877926134,-146.112456621
18160,18160,-15.8116911786,-146.494954598
18159,18159,-15.7907934313,-145.19464916
18158,18158,-15.7905881098,-142.169432528
18157,18157,-15.7921878899,-146.14668641
18156,18156,-15.7915337555,-142.198516729
18155,18155,-15.7926965483,-146.087947885
18154,18154,-15.7923278496,-142.171673975
18153,18153,-15.7925019599,-142.202092635
18152,18152,-15.7933597417,-146.082130144
18151,18151,-15.7941590951,-142.17462048
18150,18150,-15.7950073176,-146.076982613
18149,18149,-15.7979396393,-142.174184162
18148,18148,-15.7966796574,-142.208773326
18147,18147,-15.798708791,-146.157314126
18146,18146,-15.8142988102,-154.518144558
18145,18145,-15.8012758779,-146.741264454
18144,18144,-15.8019180286,-146.064995448
18143,18143,-15.8022518959,-142.180306326
18142,18142,-15.8016265375,-146.041406982
18141,18141,-15.8015244103,-146.057518765
18140,18140,-15.8016816652,-146.070871055
18139,18139,-15.8105258591,-146.012388472
18138,18138,-15.8421596012,-148.259430791
18137,18137,-15.8038070016,-142.219906073
18136,18136,-15.8203136864,-140.843075027
18135,18135,-15.8050148802,-146.162279192
18134,18134,-15.8057518255,-145.225889732
18133,18133,-15.8074841747,-154.531679684
18132,18132,-15.80836818,-142.186001639
18131,18131,-15.8091450762,-142.228836007
18130,18130,-15.8107073786,-154.535247404
18129,18129,-15.8118134075,-142.187958381
18128,18128,-15.8111110537,-140.848629416
18127,18127,-15.8131013355,-140.851152119
18126,18126,-15.8136858422,-154.536176161
18125,18125,-15.8141150195,-142.23497383
18124,18124,-15.8227597381,-140.88266439
18123,18123,-15.8197248,-154.540039931
18122,18122,-15.8158694609,-146.172964478
18121,18121,-15.8237567472,-145.2418177
18120,18120,-15.8225839733,-142.245463982
18119,18119,-15.8250072142,-146.669363216
18118,18118,-15.825014062,-146.185028007
18117,18117,-15.8257934036,-146.09792982
18116,18116,-15.8268198101,-146.154892618
18115,18115,-15.8262053391,-142.251796269
18114,18114,-15.8261579795,-145.991252613
18113,18113,-15.8284385143,-145.986986077
18112,18112,-15.8302292188,-145.127435172
18111,18111,-15.8333819875,-145.982575644
18110,18110,-15.8337114537,-146.195736354
18109,18109,-15.8334585771,-140.889121085
18108,18108,-15.8358457203,-140.884435435
18107,18107,-15.8370104073,-145.975217159
18106,18106,-15.8356467726,-146.1992157
18105,18105,-15.8370973852,-142.255835017
18104,18104,-15.8400012135,-145.966554885
18103,18103,-15.8382531376,-140.860743506
18102,18102,-15.8395895764,-140.867530012
18101,18101,-15.8391668776,-142.26085865
18100,18100,-15.8425501478,-146.620706562
18099,18099,-15.839844811,-140.870516075
18098,18098,-15.8396080893,-140.873771667
18097,18097,-15.8396084162,-140.877967834
18096,18096,-15.8473291373,-146.207242583
18095,18095,-15.8667118862,-145.92745492
18094,18094,-15.8478030413,-145.254743551
18093,18093,-15.8459132907,-146.071407135
18092,18092,-15.8543008971,-142.26770676
18091,18091,-15.8525248983,-142.231681333
18090,18090,-15.8560043587,-145.111963746
18089,18089,-15.8562654637,-142.23543063
18088,18088,-15.8579274302,-145.117929778
18087,18087,-15.8606514895,-145.257747881
18086,18086,-15.8674235241,-145.25635117
18085,18085,-15.8762821501,-145.254647797
18084,18084,-15.887271126,-145.246098464
18083,18083,-15.8811727257,-145.997299291
18082,18082,-15.8817750828,-145.195322355
18081,18081,-15.8926688366,-146.177587123
18080,18080,-15.899613619,-145.235762207
18079,18079,-15.9002804371,-145.899205157
18078,18078,-15.9016788948,-145.902096229
18077,18077,-15.9049221989,-145.897251559
18076,18076,-15.9049964468,-145.228971559
18075,18075,-15.9223906175,-145.205155149
18074,18074,-15.9087681781,-145.893785384
18073,18073,-15.9284188965,-145.888958313
18072,18072,-15.9248530181,-145.994495691
18071,18071,-15.9286778589,-142.335209254
18070,18070,-15.9287510537,-142.342530302
18069,18069,-15.9301751703,-142.330702987
18068,18068,-15.9309924568,-142.346862456
18067,18067,-15.9317037214,-142.352511946
18066,18066,-15.9333397484,-142.326266649
18065,18065,-15.9346034316,-142.357521472
18064,18064,-15.9356263504,-142.31956625
18063,18063,-15.9391760016,-142.316684678
18062,18062,-15.9420344488,-145.054448072
18061,18061,-15.9421800238,-142.368544802
18060,18060,-15.943673378,-142.374379972
18059,18059,-15.9531142092,-145.872104481
18058,18058,-15.9446081094,-142.312538254
18057,18057,-15.9488571407,-142.380129535
18056,18056,-15.9487612189,-145.059191629
18055,18055,-15.9557254993,-145.169552686
18054,18054,-15.9509518748,-142.313651535
18053,18053,-15.9562176302,-142.392843634
18052,18052,-15.9555025353,-145.064416494
18051,18051,-15.9570604761,-142.315923958
18050,18050,-15.9578499633,-145.069689518
18049,18049,-15.9604324053,-145.074196061
18048,18048,-15.9739023279,-140.130515937
18047,18047,-15.9652490853,-145.156999806
18046,18046,-15.9670350341,-142.317694047
18045,18045,-15.9683606094,-145.10003829
18044,18044,-15.9688290148,-145.151336789
18043,18043,-15.9691888841,-145.105007236
18042,18042,-15.971248671,-145.143965556
18041,18041,-15.97109606,-145.874588679
18040,18040,-15.9704414116,-142.320858391
18039,18039,-15.9720941195,-142.322943361
18038,18038,-15.9742715914,-145.931986912
18037,18037,-15.9748975013,-142.325974631
18036,18036,-15.9777773639,-145.883494972
18035,18035,-15.9814471863,-142.32643088
18034,18034,-15.9896092433,-142.326023158
18033,18033,-15.9896078214,-142.329611327
18032,18032,-15.9934561816,-142.329003365
18031,18031,-15.9993747598,-140.113732001
18030,18030,-16.0034346809,-140.141498853
18029,18029,-15.9977787866,-142.331967497
18028,18028,-16.0087839376,-142.445438388
18027,18027,-16.0112554466,-145.902946312
18026,18026,-16.0139408732,-145.917959205
18025,18025,-16.016123351,-145.905942162
18024,18024,-16.01628087,-142.337933554
18023,18023,-16.0161298582,-142.45146481
18022,18022,-16.0180247434,-145.910537937
18021,18021,-16.024409671,-142.457992279
18020,18020,-16.0286739753,-142.463477714
18019,18019,-16.0461234075,-142.475712896
18018,18018,-16.0350154058,-142.347105368
18017,18017,-16.0490270165,-142.353478173
18016,18016,-16.164325609,-145.585673454
18015,18015,-16.0628108541,-142.481982382
18014,18014,-16.0651385234,-142.358568639
18013,18013,-16.0711844428,-142.488175388
18012,18012,-16.075748746,-142.491118255
18011,18011,-16.0792023533,-142.369377197
18010,18010,-16.0816523974,-144.935106619
18009,18009,-16.0804272551,-144.923757151
18008,18008,-16.0800088384,-144.920455491
18007,18007,-16.0804304117,-144.917946979
18006,18006,-16.0829574211,-144.911289673
18005,18005,-16.0837488666,-145.688703076
18004,18004,-16.1139202617,-142.507454489
18003,18003,-16.0853248134,-142.373426552
18002,18002,-16.085439765,-144.947101882
18001,18001,-16.0871422,-144.951316876
18000,18000,-16.0876588075,-145.724234427
17999,17999,-16.0891848188,-145.73293979
17998,17998,-16.08961277,-144.956246756
17997,17997,-16.0955755563,-144.968925507
17996,17996,-16.0962979613,-145.755411104
17995,17995,-16.0956457554,-142.378687098
17994,17994,-16.1022290999,-144.859186006
17993,17993,-16.102430678,-145.775088186
17992,17992,-16.1042065702,-144.986808116
17991,17991,-16.1033532446,-142.377547727
17990,17990,-16.1142113644,-145.792226762
17989,17989,-16.1079336086,-144.991274795
17988,17988,-16.1210377262,-145.003168539
17987,17987,-16.1533868975,-146.353359387
17986,17986,-16.121121323,-144.822800109
17985,17985,-16.126265423,-144.813375722
17984,17984,-16.1275420429,-144.809626885
17983,17983,-16.129721265,-145.811484508
17982,17982,-16.1308514992,-144.808360686
17981,17981,-16.1347756239,-144.802998659
17980,17980,-16.134824272,-145.006897288
17979,17979,-16.1373080121,-145.809938544
17978,17978,-16.1379419006,-145.815622554
17977,17977,-16.1401467641,-142.394262191
17976,17976,-16.1421678319,-144.794739921
17975,17975,-16.144258219,-145.010066419
17974,17974,-16.1441743733,-145.818782359
17973,17973,-16.1519412682,-145.007522243
17972,17972,-16.1536651355,-142.401378928
17971,17971,-16.1582156625,-144.787549957
17970,17970,-16.1554346756,-145.006681682
17969,17969,-16.1759922995,-142.52222802
17968,17968,-16.1587634037,-145.005031532
17967,17967,-16.1610693974,-142.406162251
17966,17966,-16.1624899172,-145.000890932
17965,17965,-16.1671096749,-144.785863217
17964,17964,-16.1684878542,-144.996175957
17963,17963,-16.1720956088,-144.78752444
17962,17962,-16.1728224308,-144.991773636
17961,17961,-16.1751086218,-142.415587694
17960,17960,-16.1754437994,-144.785834505
17959,17959,-16.1754350729,-144.987927727
17958,17958,-16.1779258763,-144.987925557
17957,17957,-16.1775132779,-144.983774835
17956,17956,-16.1796054126,-144.78332436
17955,17955,-16.1808483194,-145.693784476
17954,17954,-16.1829189276,-144.780863861
17953,17953,-16.1872711821,-144.979699007
17952,17952,-16.1887570573,-144.780031154
17951,17951,-16.1894466655,-142.426275517
17950,17950,-16.194928485,-142.428233163
17949,17949,-16.2012236627,-144.778685519
17948,17948,-16.2005333812,-144.979165655
17947,17947,-16.1986484439,-142.51076021
17946,17946,-16.201780063,-145.796430118
17945,17945,-16.2013490776,-142.432689278
17944,17944,-16.2071895704,-144.974384004
17943,17943,-16.2219409704,-142.507322203
17942,17942,-16.2179660253,-144.96338584
17941,17941,-16.2104117919,-145.795102236
17940,17940,-16.2096840974,-142.439699997
17939,17939,-16.2171070085,-145.789188627
17938,17938,-16.217027215,-142.444382839
17937,17937,-16.2251795464,-145.790447955
17936,17936,-16.2262635215,-145.785869433
17935,17935,-16.2281608848,-142.451000162
17934,17934,-16.2410408882,-151.818528228
17933,17933,-16.2270698652,-145.781848694
17932,17932,-16.2341852705,-142.45490599
17931,17931,-16.2365577766,-145.781206755
17930,17930,-16.2384949863,-142.469204566
17929,17929,-16.2400629057,-142.474785213
17928,17928,-16.2422945151,-144.9429356
17927,17927,-16.2452853303,-145.711686617
17926,17926,-16.2450031732,-145.777964309
17925,17925,-16.2496981806,-145.778376922
17924,17924,-16.2552580835,-145.773714666
17923,17923,-16.2552394124,-151.806688346
17922,17922,-16.2545952814,-144.821688861
17921,17921,-16.255853567,-144.91461871
17920,17920,-16.2571078514,-144.909430888
17919,17919,-16.2598211421,-144.824725068
17918,17918,-16.2591198967,-144.904727816
17917,17917,-16.2600741721,-145.62513539
17916,17916,-16.2612883445,-151.80966825
17915,17915,-16.2826634003,-151.820126931
17914,17914,-16.263764341,-144.899203845
17913,17913,-16.2662711787,-144.830026435
17912,17912,-16.2671015399,-144.895034945
17911,17911,-16.2699349389,-144.888056538
17910,17910,-16.2773918853,-144.860710674
17909,17909,-16.2845329779,-143.217406234
17908,17908,-16.2892218899,-145.75190173
17907,17907,-16.2941491518,-143.223947783
17906,17906,-16.2985476973,-143.160671533
17905,17905,-16.3061246424,-143.222415529
17904,17904,-16.3065788185,-143.149583239
17903,17903,-16.3104197055,-143.144613134
17902,17902,-16.3129572304,-145.735450429
17901,17901,-16.3132562505,-143.138761554
17900,17900,-16.3150172952,-143.216549112
17899,17899,-16.320857429,-143.131719386
17898,17898,-16.3457545449,-145.486612489
17897,17897,-16.3284682764,-143.122423641
17896,17896,-16.3320844301,-143.114198559
17895,17895,-16.3360483821,-143.205514751
17894,17894,-16.3460640818,-144.380164184
17893,17893,-16.3402219562,-144.418906426
17892,17892,-16.3426856454,-144.423084874
17891,17891,-16.3488830962,-143.201325427
17890,17890,-16.3529313127,-143.061673585
17889,17889,-16.3545973895,-144.437086388
17888,17888,-16.3563038913,-143.054404638
17887,17887,-16.3644517075,-143.184741364
17886,17886,-16.3768775271,-144.333935652
17885,17885,-16.3701864147,-143.03303808
17884,17884,-16.3716806508,-144.455872762
17883,17883,-16.3754364736,-145.44170591
17882,17882,-16.3799711717,-145.432577638
17881,17881,-16.3851169033,-144.463862746
17880,17880,-16.383775148,-145.676707623
17879,17879,-16.3871136121,-145.42797924
17878,17878,-16.3900212952,-144.316261237
17877,17877,-16.3929261855,-144.46209743
17876,17876,-16.3934534729,-145.423294622
17875,17875,-16.3939974391,-144.311330402
17874,17874,-16.3958731602,-143.009886196
17873,17873,-16.3970171298,-144.306501465
17872,17872,-16.3974042795,-144.459293635
17871,17871,-16.400103388,-144.456372509
17870,17870,-16.3996101362,-144.305418191
17869,17869,-16.4034319936,-145.402219816
17868,17868,-16.4034047401,-143.1293769
17867,17867,-16.4037785004,-144.302105518
17866,17866,-16.4041794322,-144.454167249
17865,17865,-16.4037786611,-144.299607217
17864,17864,-16.406277629,-144.297952598
17863,17863,-16.4079642137,-143.150392314
17862,17862,-16.4122350142,-145.392076862
17861,17861,-16.4112270709,-144.293274446
17860,17860,-16.4180000806,-144.289856705
17859,17859,-16.4315543324,-152.241564599
17858,17858,-16.4199879789,-152.260408333
17857,17857,-16.4409920919,-152.284427893
17856,17856,-16.4237504417,-145.643180601
17855,17855,-16.4416959542,-145.371119713
17854,17854,-16.4511185844,-144.261228378
17853,17853,-16.437029358,-144.426666461
17852,17852,-16.4456524727,-152.257969244
17851,17851,-16.4440814357,-151.755536679
17850,17850,-16.44230985,-143.940511363
17849,17849,-16.4420242738,-143.948209708
17848,17848,-16.442935937,-143.929639573
17847,17847,-16.4543825454,-143.874023925
17846,17846,-16.4436272746,-143.925283503
17845,17845,-16.4446058636,-143.952546615
17844,17844,-16.4454355317,-151.764190337
17843,17843,-16.4471047665,-144.417527597
17842,17842,-16.4541695278,-151.727497374
17841,17841,-16.4500948616,-145.607412636
17840,17840,-16.4500177917,-151.740859028
17839,17839,-16.4506230371,-151.766686983
17838,17838,-16.449606073,-151.762950708
17837,17837,-16.4503538741,-143.959846337
17836,17836,-16.4516802672,-151.769180202
17835,17835,-16.4541322467,-144.409596082
17834,17834,-16.4549169943,-151.770381819
17833,17833,-16.4574459662,-143.966548864
17832,17832,-16.459163068,-144.401695346
17831,17831,-16.4587692913,-151.772941589
17830,17830,-16.4706994751,-151.777023773
17829,17829,-16.4647461763,-145.587179226
17828,17828,-16.4637787551,-143.975439461
17827,17827,-16.4997271541,-151.737234288
17826,17826,-16.4654367733,-144.396683919
17825,17825,-16.4805539994,-151.698981111
17824,17824,-16.4742408071,-152.242965849
17823,17823,-16.4719974787,-143.982149727
17822,17822,-16.478285105,-152.248243213
17821,17821,-16.4766083803,-145.407822608
17820,17820,-16.4791971411,-143.830291194
17819,17819,-16.4827198143,-154.685364745
17818,17818,-16.4851351386,-143.989716533
17817,17817,-16.4915465239,-143.823924157
17816,17816,-16.4855200409,-144.369108959
17815,17815,-16.4895943289,-151.774991479
17814,17814,-16.4900382032,-144.252121041
17813,17813,-16.4920974306,-145.440048163
17812,17812,-16.4953706052,-145.443519621
17811,17811,-16.4971104905,-145.446280718
17810,17810,-16.5034589149,-154.648059425
17809,17809,-16.4992980086,-145.449766988
17808,17808,-16.5277702494,-151.698881453
17807,17807,-16.5012689687,-144.339187192
17806,17806,-16.5045115305,-145.456148906
17805,17805,-16.5051875869,-151.775746004
17804,17804,-16.5065874434,-144.302643509
17803,17803,-16.5189096724,-143.816179082
17802,17802,-16.511078604,-145.46307076
17801,17801,-16.5202358261,-151.76565418
17800,17800,-16.5259232752,-154.648108633
17799,17799,-16.5183578495,-145.468377669
17798,17798,-16.5211337992,-145.471418314
17797,17797,-16.524206346,-145.474617557
17796,17796,-16.5286804741,-145.522837818
17795,17795,-16.5313505927,-151.760686927
